"customer_id","membership_startdate","total_points","membership_tier"
"C1","2006-12-17",1251,"Silver"
"C2","2007-11-20",523,"Bronze"
"C3","2006-03-13",1702,"Silver"
"C4","2019-09-28",6521,"Gold"
"C5","2014-05-12",686,"Bronze"
"C6","2015-02-22",1137,"Silver"
"C7","2023-10-02",4484,"Gold"
"C8","2013-12-20",311,"Bronze"
"C9","2018-03-30",4127,"Gold"
"C10","2013-06-28",759,"Bronze"
"C11","2014-09-18",2510,"Silver"
"C12","2024-01-26",8781,"Gold"
"C13","2012-07-21",1835,"Silver"
"C14","2018-01-12",978,"Bronze"
"C15","2008-05-07",5972,"Gold"
"C16","2008-01-24",5976,"Gold"
"C17","2022-07-17",1258,"Silver"
"C18","2009-10-17",2310,"Silver"
"C19","2006-01-31",207,"Bronze"
"C20","2014-07-15",5886,"Gold"
"C21","2017-04-03",4953,"Gold"
"C22","2023-02-24",3423,"Gold"
"C23","2015-07-08",1978,"Silver"
"C24","2008-06-10",441,"Bronze"
"C25","2022-09-08",1110,"Silver"
"C26","2005-08-10",1574,"Silver"
"C27","2019-08-24",1548,"Silver"
"C28","2011-03-17",331,"Bronze"
"C29","2011-03-19",862,"Bronze"
"C30","2015-09-13",332,"Bronze"
"C31","2014-04-12",479,"Bronze"
"C32","2006-04-04",2763,"Silver"
"C33","2005-05-21",521,"Bronze"
"C34","2017-12-04",441,"Bronze"
"C35","2010-10-14",8090,"Gold"
"C36","2008-12-03",1451,"Silver"
"C37","2009-05-01",843,"Bronze"
"C38","2016-03-10",8978,"Gold"
"C39","2019-05-26",1343,"Silver"
"C40","2023-02-22",2521,"Silver"
"C41","2005-04-07",292,"Bronze"
"C42","2023-02-28",522,"Bronze"
"C43","2015-06-28",431,"Bronze"
"C44","2016-01-16",1570,"Silver"
"C45","2005-10-01",625,"Bronze"
"C46","2019-09-06",3181,"Gold"
"C47","2023-09-29",7743,"Gold"
"C48","2016-03-03",7395,"Gold"
"C49","2011-10-05",5714,"Gold"
"C50","2017-07-04",941,"Bronze"
"C51","2015-03-12",4064,"Gold"
"C52","2010-10-21",6860,"Gold"
"C53","2018-07-01",6399,"Gold"
"C54","2019-07-20",8030,"Gold"
"C55","2005-07-18",950,"Bronze"
"C56","2009-03-23",2889,"Silver"
"C57","2012-02-20",2198,"Silver"
"C58","2010-02-18",1068,"Silver"
"C59","2010-05-03",110,"Bronze"
"C60","2015-07-23",7773,"Gold"
"C61","2017-01-13",597,"Bronze"
"C62","2018-10-18",716,"Bronze"
"C63","2008-09-26",983,"Bronze"
"C64","2006-05-31",4334,"Gold"
"C65","2010-02-04",1686,"Silver"
"C66","2016-09-04",256,"Bronze"
"C67","2006-10-10",9844,"Gold"
"C68","2022-04-12",633,"Bronze"
"C69","2006-11-18",58,"Bronze"
"C70","2005-02-23",4839,"Gold"
"C71","2013-07-19",294,"Bronze"
"C72","2011-09-11",154,"Bronze"
"C73","2008-10-25",357,"Bronze"
"C74","2011-03-07",1535,"Silver"
"C75","2022-06-07",8040,"Gold"
"C76","2022-02-22",6130,"Gold"
"C77","2009-02-08",1084,"Silver"
"C78","2006-05-27",96,"Bronze"
"C79","2018-07-14",4447,"Gold"
"C80","2011-08-01",4389,"Gold"
"C81","2019-06-04",7441,"Gold"
"C82","2023-07-31",5450,"Gold"
"C83","2014-08-16",1393,"Silver"
"C84","2010-08-10",92,"Bronze"
"C85","2007-10-26",207,"Bronze"
"C86","2012-01-09",65,"Bronze"
"C87","2021-10-28",6747,"Gold"
"C88","2016-06-20",744,"Bronze"
"C89","2007-11-11",1695,"Silver"
"C90","2013-11-07",2796,"Silver"
"C91","2016-04-09",8355,"Gold"
"C92","2023-03-01",785,"Bronze"
"C93","2024-05-07",1998,"Silver"
"C94","2023-05-18",2947,"Silver"
"C95","2010-12-01",611,"Bronze"
"C96","2019-03-25",9238,"Gold"
"C97","2021-07-04",1641,"Silver"
"C98","2012-12-22",289,"Bronze"
"C99","2023-04-20",959,"Bronze"
"C100","2018-02-26",6851,"Gold"
"C101","2019-05-25",2536,"Silver"
"C102","2022-04-27",246,"Bronze"
"C103","2012-04-05",627,"Bronze"
"C104","2006-03-31",783,"Bronze"
"C105","2008-10-08",9837,"Gold"
"C106","2013-07-02",3330,"Gold"
"C107","2011-02-11",492,"Bronze"
"C108","2017-03-05",1142,"Silver"
"C109","2017-10-03",1240,"Silver"
"C110","2017-09-20",9755,"Gold"
"C111","2021-06-28",90,"Bronze"
"C112","2014-12-13",672,"Bronze"
"C113","2007-08-25",6043,"Gold"
"C114","2009-04-09",1742,"Silver"
"C115","2015-11-21",5745,"Gold"
"C116","2015-01-31",7059,"Gold"
"C117","2017-10-06",2891,"Silver"
"C118","2011-11-08",3084,"Gold"
"C119","2014-04-14",1944,"Silver"
"C120","2013-09-06",641,"Bronze"
"C121","2008-02-08",9291,"Gold"
"C122","2016-07-27",1880,"Silver"
"C123","2023-02-11",5421,"Gold"
"C124","2007-12-04",1007,"Silver"
"C125","2024-08-23",1845,"Silver"
"C126","2023-01-05",359,"Bronze"
"C127","2015-04-20",78,"Bronze"
"C128","2007-09-18",6788,"Gold"
"C129","2021-07-01",2462,"Silver"
"C130","2020-03-25",572,"Bronze"
"C131","2012-03-25",1882,"Silver"
"C132","2016-11-22",6272,"Gold"
"C133","2023-07-17",1519,"Silver"
"C134","2021-03-02",20,"Bronze"
"C135","2023-04-24",668,"Bronze"
"C136","2022-07-02",649,"Bronze"
"C137","2022-09-08",9789,"Gold"
"C138","2007-11-27",1950,"Silver"
"C139","2016-06-01",574,"Bronze"
"C140","2024-02-07",504,"Bronze"
"C141","2006-09-07",93,"Bronze"
"C142","2014-05-20",1911,"Silver"
"C143","2022-06-25",3532,"Gold"
"C144","2009-08-18",2039,"Silver"
"C145","2013-02-23",2443,"Silver"
"C146","2021-04-19",7939,"Gold"
"C147","2016-12-15",2434,"Silver"
"C148","2007-09-13",160,"Bronze"
"C149","2019-08-30",1971,"Silver"
"C150","2016-10-12",534,"Bronze"
"C151","2011-10-13",76,"Bronze"
"C152","2010-10-29",2423,"Silver"
"C153","2017-06-19",585,"Bronze"
"C154","2023-07-17",2090,"Silver"
"C155","2013-07-05",4447,"Gold"
"C156","2014-04-01",7149,"Gold"
"C157","2018-05-14",273,"Bronze"
"C158","2014-03-06",6449,"Gold"
"C159","2011-11-26",1557,"Silver"
"C160","2006-06-29",8922,"Gold"
"C161","2016-03-25",6562,"Gold"
"C162","2022-04-05",1626,"Silver"
"C163","2009-07-16",562,"Bronze"
"C164","2018-07-31",8745,"Gold"
"C165","2008-05-27",579,"Bronze"
"C166","2005-05-18",762,"Bronze"
"C167","2005-02-19",412,"Bronze"
"C168","2005-06-29",1577,"Silver"
"C169","2011-10-12",9126,"Gold"
"C170","2012-01-02",148,"Bronze"
"C171","2014-08-21",7051,"Gold"
"C172","2023-08-13",1398,"Silver"
"C173","2005-11-27",61,"Bronze"
"C174","2011-12-19",121,"Bronze"
"C175","2020-06-06",5924,"Gold"
"C176","2012-07-08",7081,"Gold"
"C177","2015-09-17",9416,"Gold"
"C178","2013-12-21",2152,"Silver"
"C179","2012-05-26",1102,"Silver"
"C180","2014-05-22",1719,"Silver"
"C181","2007-01-08",6186,"Gold"
"C182","2013-01-13",5063,"Gold"
"C183","2010-05-05",111,"Bronze"
"C184","2014-05-11",233,"Bronze"
"C185","2011-07-01",1460,"Silver"
"C186","2007-12-19",1694,"Silver"
"C187","2020-06-10",6642,"Gold"
"C188","2013-12-03",8362,"Gold"
"C189","2006-03-09",3516,"Gold"
"C190","2014-05-04",5448,"Gold"
"C191","2010-06-16",8584,"Gold"
"C192","2019-10-14",1227,"Silver"
"C193","2013-12-21",1954,"Silver"
"C194","2009-02-08",8818,"Gold"
"C195","2018-05-04",2298,"Silver"
"C196","2019-01-27",456,"Bronze"
"C197","2011-03-02",2488,"Silver"
"C198","2017-04-07",2773,"Silver"
"C199","2018-08-18",169,"Bronze"
"C200","2013-10-19",123,"Bronze"
"C201","2020-05-17",4599,"Gold"
"C202","2020-12-07",2161,"Silver"
"C203","2018-06-01",1598,"Silver"
"C204","2016-02-21",299,"Bronze"
"C205","2024-01-01",546,"Bronze"
"C206","2011-06-21",865,"Bronze"
"C207","2020-05-14",489,"Bronze"
"C208","2008-03-30",8835,"Gold"
"C209","2006-12-15",473,"Bronze"
"C210","2014-12-07",2248,"Silver"
"C211","2005-02-12",757,"Bronze"
"C212","2008-07-13",7032,"Gold"
"C213","2021-08-08",1831,"Silver"
"C214","2013-08-24",1747,"Silver"
"C215","2021-08-11",908,"Bronze"
"C216","2020-12-15",9704,"Gold"
"C217","2013-08-17",3065,"Gold"
"C218","2023-04-18",1365,"Silver"
"C219","2005-10-01",4823,"Gold"
"C220","2019-05-04",1776,"Silver"
"C221","2014-03-05",8748,"Gold"
"C222","2005-01-04",2356,"Silver"
"C223","2007-07-12",653,"Bronze"
"C224","2019-08-31",2227,"Silver"
"C225","2019-10-28",6730,"Gold"
"C226","2021-07-25",2333,"Silver"
"C227","2008-07-31",4597,"Gold"
"C228","2006-07-30",8919,"Gold"
"C229","2015-05-18",6287,"Gold"
"C230","2019-03-18",1020,"Silver"
"C231","2017-03-30",7,"Bronze"
"C232","2015-04-30",8322,"Gold"
"C233","2022-04-03",2945,"Silver"
"C234","2019-04-10",6760,"Gold"
"C235","2018-11-11",9448,"Gold"
"C236","2009-03-11",9603,"Gold"
"C237","2005-04-10",9021,"Gold"
"C238","2023-12-30",3272,"Gold"
"C239","2012-07-24",9273,"Gold"
"C240","2023-12-30",2642,"Silver"
"C241","2011-06-06",7365,"Gold"
"C242","2006-03-04",489,"Bronze"
"C243","2021-03-31",2484,"Silver"
"C244","2017-03-10",3406,"Gold"
"C245","2005-04-03",1636,"Silver"
"C246","2016-02-06",3535,"Gold"
"C247","2010-05-30",9221,"Gold"
"C248","2013-05-20",1354,"Silver"
"C249","2022-01-02",5891,"Gold"
"C250","2017-06-13",9442,"Gold"
"C251","2021-10-05",7253,"Gold"
"C252","2024-01-24",9568,"Gold"
"C253","2019-07-11",891,"Bronze"
"C254","2016-06-19",786,"Bronze"
"C255","2019-12-30",1809,"Silver"
"C256","2019-03-11",1782,"Silver"
"C257","2019-11-25",324,"Bronze"
"C258","2017-05-07",6834,"Gold"
"C259","2005-03-18",5922,"Gold"
"C260","2011-08-01",1059,"Silver"
"C261","2012-12-28",1686,"Silver"
"C262","2010-12-21",309,"Bronze"
"C263","2013-01-28",4516,"Gold"
"C264","2006-08-17",209,"Bronze"
"C265","2013-07-20",6415,"Gold"
"C266","2009-08-25",1852,"Silver"
"C267","2013-12-12",5210,"Gold"
"C268","2012-09-22",7900,"Gold"
"C269","2017-01-14",1046,"Silver"
"C270","2016-04-24",846,"Bronze"
"C271","2019-02-04",1426,"Silver"
"C272","2021-07-22",6971,"Gold"
"C273","2018-10-21",6046,"Gold"
"C274","2014-01-08",3601,"Gold"
"C275","2013-01-13",12,"Bronze"
"C276","2005-10-04",3244,"Gold"
"C277","2016-08-09",2037,"Silver"
"C278","2012-10-23",2990,"Silver"
"C279","2008-10-13",6751,"Gold"
"C280","2006-10-17",2836,"Silver"
"C281","2015-08-28",3545,"Gold"
"C282","2020-10-04",7590,"Gold"
"C283","2016-02-03",3285,"Gold"
"C284","2011-05-13",2879,"Silver"
"C285","2019-04-09",6919,"Gold"
"C286","2005-07-18",5895,"Gold"
"C287","2009-11-21",8491,"Gold"
"C288","2007-07-12",506,"Bronze"
"C289","2019-06-26",1982,"Silver"
"C290","2006-02-15",591,"Bronze"
"C291","2021-09-29",1569,"Silver"
"C292","2018-02-27",1600,"Silver"
"C293","2013-11-11",277,"Bronze"
"C294","2009-12-28",1067,"Silver"
"C295","2019-09-04",5755,"Gold"
"C296","2013-03-23",3823,"Gold"
"C297","2020-10-12",9884,"Gold"
"C298","2018-05-15",4052,"Gold"
"C299","2014-07-03",2316,"Silver"
"C300","2022-12-11",2411,"Silver"
"C301","2014-10-20",3395,"Gold"
"C302","2024-03-19",2517,"Silver"
"C303","2018-04-13",4374,"Gold"
"C304","2019-10-06",8996,"Gold"
"C305","2021-06-18",5005,"Gold"
"C306","2015-01-23",337,"Bronze"
"C307","2007-05-11",789,"Bronze"
"C308","2010-02-21",1958,"Silver"
"C309","2011-11-29",217,"Bronze"
"C310","2022-09-19",1811,"Silver"
"C311","2022-11-12",9219,"Gold"
"C312","2018-05-05",7425,"Gold"
"C313","2018-10-24",9531,"Gold"
"C314","2009-09-24",5999,"Gold"
"C315","2013-09-04",321,"Bronze"
"C316","2010-06-05",7160,"Gold"
"C317","2010-12-19",7459,"Gold"
"C318","2008-03-09",7842,"Gold"
"C319","2023-04-08",272,"Bronze"
"C320","2016-03-21",4160,"Gold"
"C321","2024-08-01",2945,"Silver"
"C322","2023-04-22",1041,"Silver"
"C323","2015-12-21",9440,"Gold"
"C324","2023-10-09",8264,"Gold"
"C325","2021-05-04",863,"Bronze"
"C326","2010-10-19",1844,"Silver"
"C327","2021-03-01",7123,"Gold"
"C328","2021-05-23",176,"Bronze"
"C329","2022-12-30",4949,"Gold"
"C330","2008-07-27",2721,"Silver"
"C331","2009-01-01",2430,"Silver"
"C332","2021-10-08",3694,"Gold"
"C333","2009-10-11",602,"Bronze"
"C334","2023-08-11",906,"Bronze"
"C335","2016-04-29",680,"Bronze"
"C336","2024-11-07",86,"Bronze"
"C337","2009-09-27",1235,"Silver"
"C338","2023-11-14",245,"Bronze"
"C339","2005-03-14",2745,"Silver"
"C340","2006-08-26",6642,"Gold"
"C341","2023-04-16",562,"Bronze"
"C342","2011-05-16",2757,"Silver"
"C343","2012-10-28",4908,"Gold"
"C344","2017-09-29",1332,"Silver"
"C345","2021-08-13",941,"Bronze"
"C346","2005-08-04",468,"Bronze"
"C347","2022-03-29",199,"Bronze"
"C348","2014-10-22",2852,"Silver"
"C349","2020-03-27",8537,"Gold"
"C350","2006-09-23",1267,"Silver"
"C351","2007-06-12",8486,"Gold"
"C352","2018-01-14",930,"Bronze"
"C353","2021-03-11",4816,"Gold"
"C354","2021-12-31",3624,"Gold"
"C355","2020-01-01",4936,"Gold"
"C356","2019-02-26",1178,"Silver"
"C357","2018-11-17",718,"Bronze"
"C358","2007-11-03",8423,"Gold"
"C359","2019-05-22",2365,"Silver"
"C360","2006-12-18",6109,"Gold"
"C361","2009-07-10",1059,"Silver"
"C362","2023-02-07",9312,"Gold"
"C363","2021-10-26",8219,"Gold"
"C364","2008-12-12",1720,"Silver"
"C365","2015-10-07",1572,"Silver"
"C366","2020-08-01",5585,"Gold"
"C367","2016-08-11",2325,"Silver"
"C368","2006-12-07",231,"Bronze"
"C369","2020-05-05",418,"Bronze"
"C370","2013-05-20",215,"Bronze"
"C371","2022-01-19",4729,"Gold"
"C372","2013-05-11",532,"Bronze"
"C373","2021-04-15",2044,"Silver"
"C374","2008-11-22",7671,"Gold"
"C375","2008-09-01",6489,"Gold"
"C376","2012-03-25",1411,"Silver"
"C377","2023-08-22",3870,"Gold"
"C378","2020-07-24",2863,"Silver"
"C379","2013-09-09",682,"Bronze"
"C380","2009-06-07",194,"Bronze"
"C381","2024-04-21",2257,"Silver"
"C382","2018-11-23",453,"Bronze"
"C383","2023-09-14",1766,"Silver"
"C384","2018-07-02",1592,"Silver"
"C385","2018-12-01",853,"Bronze"
"C386","2007-08-09",936,"Bronze"
"C387","2015-05-27",328,"Bronze"
"C388","2019-06-26",6760,"Gold"
"C389","2022-07-03",2290,"Silver"
"C390","2009-04-10",7801,"Gold"
"C391","2006-07-13",829,"Bronze"
"C392","2015-04-10",720,"Bronze"
"C393","2019-12-28",9106,"Gold"
"C394","2005-01-14",526,"Bronze"
"C395","2023-01-22",5415,"Gold"
"C396","2023-06-20",2350,"Silver"
"C397","2016-06-24",1961,"Silver"
"C398","2019-03-08",5802,"Gold"
"C399","2013-03-31",7106,"Gold"
"C400","2007-10-09",656,"Bronze"
"C401","2019-07-31",8484,"Gold"
"C402","2007-08-11",2471,"Silver"
"C403","2010-08-02",733,"Bronze"
"C404","2014-03-28",5390,"Gold"
"C405","2020-05-24",327,"Bronze"
"C406","2006-11-08",2815,"Silver"
"C407","2009-04-14",2,"Bronze"
"C408","2016-03-09",8370,"Gold"
"C409","2010-03-18",2343,"Silver"
"C410","2024-10-05",943,"Bronze"
"C411","2007-10-25",2963,"Silver"
"C412","2009-05-01",1615,"Silver"
"C413","2012-09-18",7078,"Gold"
"C414","2020-10-12",2545,"Silver"
"C415","2017-12-12",8932,"Gold"
"C416","2020-04-18",7526,"Gold"
"C417","2014-03-20",5633,"Gold"
"C418","2019-07-04",5257,"Gold"
"C419","2023-07-19",4680,"Gold"
"C420","2012-01-01",4730,"Gold"
"C421","2023-10-18",1124,"Silver"
"C422","2010-09-05",4704,"Gold"
"C423","2008-05-12",47,"Bronze"
"C424","2020-04-21",9641,"Gold"
"C425","2009-08-10",16,"Bronze"
"C426","2013-04-01",2121,"Silver"
"C427","2005-04-10",826,"Bronze"
"C428","2013-07-01",2439,"Silver"
"C429","2016-11-22",9323,"Gold"
"C430","2024-01-06",8079,"Gold"
"C431","2019-03-13",2098,"Silver"
"C432","2007-12-09",2007,"Silver"
"C433","2006-03-27",2291,"Silver"
"C434","2014-07-21",518,"Bronze"
"C435","2019-03-03",9244,"Gold"
"C436","2009-02-19",967,"Bronze"
"C437","2014-06-20",224,"Bronze"
"C438","2008-02-03",700,"Bronze"
"C439","2011-02-09",2784,"Silver"
"C440","2017-07-28",801,"Bronze"
"C441","2014-10-10",6746,"Gold"
"C442","2019-07-05",6710,"Gold"
"C443","2005-05-14",8350,"Gold"
"C444","2011-10-28",4568,"Gold"
"C445","2022-07-02",890,"Bronze"
"C446","2007-12-01",544,"Bronze"
"C447","2018-07-11",9428,"Gold"
"C448","2016-03-01",856,"Bronze"
"C449","2006-01-24",6198,"Gold"
"C450","2016-08-09",1629,"Silver"
"C451","2022-03-16",1057,"Silver"
"C452","2019-02-19",4829,"Gold"
"C453","2006-08-23",9378,"Gold"
"C454","2020-09-12",3530,"Gold"
"C455","2012-04-19",455,"Bronze"
"C456","2017-08-08",2105,"Silver"
"C457","2009-08-27",5843,"Gold"
"C458","2006-06-01",5950,"Gold"
"C459","2011-09-04",597,"Bronze"
"C460","2007-06-19",3680,"Gold"
"C461","2017-02-10",55,"Bronze"
"C462","2009-08-05",1866,"Silver"
"C463","2009-03-29",6002,"Gold"
"C464","2005-10-06",865,"Bronze"
"C465","2009-11-20",9433,"Gold"
"C466","2009-03-20",2092,"Silver"
"C467","2005-01-07",2442,"Silver"
"C468","2008-04-15",5454,"Gold"
"C469","2008-09-14",2070,"Silver"
"C470","2007-12-31",444,"Bronze"
"C471","2013-05-05",2379,"Silver"
"C472","2020-10-26",1801,"Silver"
"C473","2024-01-05",1759,"Silver"
"C474","2008-07-26",956,"Bronze"
"C475","2016-09-20",8684,"Gold"
"C476","2021-03-24",696,"Bronze"
"C477","2012-09-03",932,"Bronze"
"C478","2012-09-20",2333,"Silver"
"C479","2024-01-06",102,"Bronze"
"C480","2012-01-01",857,"Bronze"
"C481","2009-09-13",1616,"Silver"
"C482","2020-01-30",5903,"Gold"
"C483","2020-01-03",357,"Bronze"
"C484","2023-01-10",1030,"Silver"
"C485","2011-08-31",1621,"Silver"
"C486","2017-10-11",7527,"Gold"
"C487","2013-06-05",783,"Bronze"
"C488","2019-05-03",582,"Bronze"
"C489","2011-12-24",223,"Bronze"
"C490","2012-08-12",321,"Bronze"
"C491","2017-03-15",433,"Bronze"
"C492","2015-03-20",9222,"Gold"
"C493","2012-07-05",1900,"Silver"
"C494","2013-09-04",2588,"Silver"
"C495","2010-02-26",824,"Bronze"
"C496","2012-07-22",7606,"Gold"
"C497","2021-04-08",198,"Bronze"
"C498","2014-09-06",1095,"Silver"
"C499","2022-11-22",874,"Bronze"
"C500","2013-12-10",339,"Bronze"
"C501","2007-08-07",743,"Bronze"
"C502","2008-12-15",2031,"Silver"
"C503","2008-07-21",208,"Bronze"
"C504","2012-04-09",1013,"Silver"
"C505","2014-07-23",9482,"Gold"
"C506","2006-11-05",1319,"Silver"
"C507","2013-12-11",2261,"Silver"
"C508","2023-07-08",1977,"Silver"
"C509","2009-06-01",1579,"Silver"
"C510","2013-03-13",635,"Bronze"
"C511","2017-06-14",2889,"Silver"
"C512","2023-03-11",226,"Bronze"
"C513","2024-01-02",238,"Bronze"
"C514","2015-08-04",314,"Bronze"
"C515","2012-10-05",365,"Bronze"
"C516","2021-03-03",9393,"Gold"
"C517","2013-08-09",1893,"Silver"
"C518","2011-02-15",6712,"Gold"
"C519","2022-12-02",1309,"Silver"
"C520","2016-10-28",2472,"Silver"
"C521","2014-01-24",2524,"Silver"
"C522","2020-12-17",1624,"Silver"
"C523","2024-06-14",445,"Bronze"
"C524","2005-12-12",2404,"Silver"
"C525","2005-09-11",6970,"Gold"
"C526","2024-09-15",111,"Bronze"
"C527","2016-11-13",2860,"Silver"
"C528","2015-05-12",1487,"Silver"
"C529","2016-01-10",8577,"Gold"
"C530","2019-09-08",495,"Bronze"
"C531","2019-06-10",3209,"Gold"
"C532","2005-05-17",4563,"Gold"
"C533","2017-06-22",985,"Bronze"
"C534","2010-07-12",2182,"Silver"
"C535","2012-01-22",5976,"Gold"
"C536","2007-02-18",591,"Bronze"
"C537","2008-09-28",6734,"Gold"
"C538","2019-01-07",443,"Bronze"
"C539","2021-07-05",3073,"Gold"
"C540","2018-01-26",9794,"Gold"
"C541","2010-12-09",173,"Bronze"
"C542","2016-04-30",707,"Bronze"
"C543","2008-09-05",773,"Bronze"
"C544","2005-03-22",8856,"Gold"
"C545","2006-11-18",4425,"Gold"
"C546","2005-10-03",1126,"Silver"
"C547","2006-03-29",6494,"Gold"
"C548","2024-05-14",1618,"Silver"
"C549","2024-07-23",1088,"Silver"
"C550","2012-09-01",7199,"Gold"
"C551","2019-02-13",851,"Bronze"
"C552","2005-04-25",5049,"Gold"
"C553","2007-01-15",1031,"Silver"
"C554","2010-06-25",902,"Bronze"
"C555","2023-10-22",1603,"Silver"
"C556","2013-09-25",2280,"Silver"
"C557","2006-11-11",4146,"Gold"
"C558","2010-04-15",5708,"Gold"
"C559","2023-02-17",1892,"Silver"
"C560","2021-05-27",218,"Bronze"
"C561","2005-02-13",6582,"Gold"
"C562","2016-02-21",570,"Bronze"
"C563","2009-05-13",1252,"Silver"
"C564","2005-03-29",189,"Bronze"
"C565","2021-08-03",1659,"Silver"
"C566","2013-10-14",2922,"Silver"
"C567","2011-05-07",253,"Bronze"
"C568","2017-06-06",175,"Bronze"
"C569","2016-04-21",742,"Bronze"
"C570","2020-01-11",3715,"Gold"
"C571","2012-04-01",6797,"Gold"
"C572","2011-12-10",221,"Bronze"
"C573","2018-07-23",6501,"Gold"
"C574","2009-01-12",572,"Bronze"
"C575","2012-07-21",2456,"Silver"
"C576","2006-10-09",2085,"Silver"
"C577","2005-05-24",76,"Bronze"
"C578","2007-09-25",9029,"Gold"
"C579","2023-03-12",1724,"Silver"
"C580","2016-03-22",1809,"Silver"
"C581","2014-03-31",1126,"Silver"
"C582","2014-07-06",9815,"Gold"
"C583","2006-01-26",5305,"Gold"
"C584","2017-09-22",879,"Bronze"
"C585","2019-03-29",1002,"Silver"
"C586","2017-02-24",2650,"Silver"
"C587","2016-05-21",616,"Bronze"
"C588","2021-04-12",616,"Bronze"
"C589","2019-04-29",3423,"Gold"
"C590","2022-04-29",7528,"Gold"
"C591","2016-11-23",7268,"Gold"
"C592","2010-02-18",2453,"Silver"
"C593","2019-06-28",111,"Bronze"
"C594","2024-03-11",1920,"Silver"
"C595","2012-05-18",8808,"Gold"
"C596","2008-04-14",1032,"Silver"
"C597","2010-11-21",2909,"Silver"
"C598","2023-11-27",1119,"Silver"
"C599","2005-05-09",1405,"Silver"
"C600","2007-02-22",75,"Bronze"
"C601","2023-05-21",1503,"Silver"
"C602","2013-01-14",2522,"Silver"
"C603","2015-01-18",1435,"Silver"
"C604","2015-06-07",2786,"Silver"
"C605","2009-03-10",7322,"Gold"
"C606","2006-03-08",5433,"Gold"
"C607","2021-12-10",4846,"Gold"
"C608","2009-03-15",7209,"Gold"
"C609","2016-04-08",4593,"Gold"
"C610","2023-04-15",2095,"Silver"
"C611","2010-07-06",2046,"Silver"
"C612","2007-02-14",2646,"Silver"
"C613","2019-07-06",752,"Bronze"
"C614","2023-06-01",8527,"Gold"
"C615","2021-12-29",9626,"Gold"
"C616","2020-12-19",1789,"Silver"
"C617","2013-03-29",2259,"Silver"
"C618","2006-07-02",278,"Bronze"
"C619","2018-10-01",479,"Bronze"
"C620","2015-05-26",1029,"Silver"
"C621","2017-12-07",6434,"Gold"
"C622","2011-02-22",7376,"Gold"
"C623","2014-01-20",78,"Bronze"
"C624","2008-11-13",132,"Bronze"
"C625","2013-04-30",439,"Bronze"
"C626","2016-05-25",2900,"Silver"
"C627","2011-05-01",5331,"Gold"
"C628","2007-10-20",6821,"Gold"
"C629","2009-02-10",1248,"Silver"
"C630","2023-10-05",4185,"Gold"
"C631","2014-06-19",1665,"Silver"
"C632","2007-03-05",4799,"Gold"
"C633","2020-12-05",2652,"Silver"
"C634","2015-02-14",121,"Bronze"
"C635","2006-06-25",5449,"Gold"
"C636","2011-07-17",2026,"Silver"
"C637","2015-09-15",1111,"Silver"
"C638","2019-01-11",1577,"Silver"
"C639","2010-04-23",785,"Bronze"
"C640","2012-10-07",7590,"Gold"
"C641","2017-05-29",906,"Bronze"
"C642","2022-04-09",6584,"Gold"
"C643","2023-11-22",201,"Bronze"
"C644","2012-04-22",510,"Bronze"
"C645","2006-04-30",9208,"Gold"
"C646","2011-01-22",3843,"Gold"
"C647","2014-05-06",547,"Bronze"
"C648","2021-08-23",5084,"Gold"
"C649","2019-05-13",8755,"Gold"
"C650","2023-09-19",1869,"Silver"
"C651","2009-09-17",3884,"Gold"
"C652","2006-01-07",1466,"Silver"
"C653","2013-03-03",482,"Bronze"
"C654","2024-06-11",253,"Bronze"
"C655","2021-09-18",719,"Bronze"
"C656","2008-08-28",3163,"Gold"
"C657","2014-01-01",633,"Bronze"
"C658","2008-11-20",9856,"Gold"
"C659","2023-10-31",2668,"Silver"
"C660","2012-09-11",4525,"Gold"
"C661","2013-02-18",6246,"Gold"
"C662","2006-09-08",976,"Bronze"
"C663","2015-09-07",2965,"Silver"
"C664","2006-11-03",458,"Bronze"
"C665","2021-04-20",788,"Bronze"
"C666","2014-04-30",1403,"Silver"
"C667","2022-08-02",2188,"Silver"
"C668","2005-04-15",6365,"Gold"
"C669","2021-03-13",2588,"Silver"
"C670","2009-04-14",7629,"Gold"
"C671","2023-02-10",7357,"Gold"
"C672","2024-05-08",8062,"Gold"
"C673","2010-09-28",756,"Bronze"
"C674","2021-10-19",483,"Bronze"
"C675","2024-07-21",2172,"Silver"
"C676","2022-08-26",9450,"Gold"
"C677","2007-04-01",614,"Bronze"
"C678","2020-02-11",5211,"Gold"
"C679","2017-11-15",477,"Bronze"
"C680","2013-08-16",8800,"Gold"
"C681","2010-12-12",5607,"Gold"
"C682","2006-07-13",2235,"Silver"
"C683","2007-06-06",5984,"Gold"
"C684","2017-07-06",1633,"Silver"
"C685","2019-05-15",1246,"Silver"
"C686","2022-10-02",5661,"Gold"
"C687","2013-02-04",2780,"Silver"
"C688","2012-02-11",6340,"Gold"
"C689","2007-02-13",320,"Bronze"
"C690","2006-01-06",924,"Bronze"
"C691","2017-12-30",142,"Bronze"
"C692","2013-10-24",634,"Bronze"
"C693","2022-06-10",1223,"Silver"
"C694","2021-01-15",2102,"Silver"
"C695","2007-01-07",32,"Bronze"
"C696","2009-06-18",259,"Bronze"
"C697","2022-06-07",763,"Bronze"
"C698","2020-09-07",5859,"Gold"
"C699","2020-04-30",52,"Bronze"
"C700","2022-09-25",289,"Bronze"
"C701","2017-10-01",226,"Bronze"
"C702","2020-08-09",397,"Bronze"
"C703","2008-02-09",663,"Bronze"
"C704","2014-08-12",2103,"Silver"
"C705","2017-09-12",3666,"Gold"
"C706","2023-11-30",3419,"Gold"
"C707","2009-08-10",118,"Bronze"
"C708","2011-05-28",1034,"Silver"
"C709","2017-12-07",2475,"Silver"
"C710","2012-03-21",786,"Bronze"
"C711","2013-03-08",958,"Bronze"
"C712","2006-11-04",1724,"Silver"
"C713","2006-02-16",2784,"Silver"
"C714","2017-01-10",228,"Bronze"
"C715","2017-02-14",102,"Bronze"
"C716","2016-07-10",9658,"Gold"
"C717","2019-03-27",1940,"Silver"
"C718","2014-03-27",7812,"Gold"
"C719","2016-04-10",9753,"Gold"
"C720","2023-12-13",9317,"Gold"
"C721","2011-09-26",241,"Bronze"
"C722","2022-10-02",326,"Bronze"
"C723","2023-05-05",9486,"Gold"
"C724","2014-08-27",4385,"Gold"
"C725","2011-04-09",7359,"Gold"
"C726","2007-08-13",379,"Bronze"
"C727","2008-04-01",1887,"Silver"
"C728","2021-06-14",3433,"Gold"
"C729","2018-05-13",2544,"Silver"
"C730","2011-07-13",792,"Bronze"
"C731","2016-07-01",285,"Bronze"
"C732","2018-05-01",8727,"Gold"
"C733","2019-10-14",154,"Bronze"
"C734","2016-11-17",1863,"Silver"
"C735","2013-09-16",2518,"Silver"
"C736","2007-12-21",9689,"Gold"
"C737","2013-05-26",153,"Bronze"
"C738","2019-03-12",885,"Bronze"
"C739","2019-06-13",5438,"Gold"
"C740","2008-10-03",6023,"Gold"
"C741","2008-02-01",9538,"Gold"
"C742","2013-10-15",1060,"Silver"
"C743","2018-03-24",7060,"Gold"
"C744","2010-08-20",2931,"Silver"
"C745","2012-06-15",4052,"Gold"
"C746","2017-03-08",5693,"Gold"
"C747","2011-01-14",8328,"Gold"
"C748","2010-02-26",2130,"Silver"
"C749","2024-04-04",649,"Bronze"
"C750","2011-07-24",1226,"Silver"
"C751","2005-09-16",212,"Bronze"
"C752","2013-02-27",618,"Bronze"
"C753","2021-02-08",1796,"Silver"
"C754","2005-09-25",248,"Bronze"
"C755","2018-12-13",848,"Bronze"
"C756","2019-07-01",1690,"Silver"
"C757","2010-09-08",8853,"Gold"
"C758","2015-07-06",916,"Bronze"
"C759","2023-01-19",2712,"Silver"
"C760","2012-09-03",5397,"Gold"
"C761","2019-03-06",1475,"Silver"
"C762","2023-08-21",9913,"Gold"
"C763","2016-09-22",8349,"Gold"
"C764","2013-06-03",151,"Bronze"
"C765","2008-07-10",7115,"Gold"
"C766","2012-08-06",700,"Bronze"
"C767","2024-11-04",2163,"Silver"
"C768","2011-12-27",953,"Bronze"
"C769","2006-09-27",7225,"Gold"
"C770","2007-07-20",807,"Bronze"
"C771","2017-11-28",2312,"Silver"
"C772","2016-03-14",789,"Bronze"
"C773","2010-10-10",5400,"Gold"
"C774","2023-02-23",1597,"Silver"
"C775","2010-11-20",5042,"Gold"
"C776","2018-02-18",1900,"Silver"
"C777","2019-08-06",677,"Bronze"
"C778","2015-12-03",2366,"Silver"
"C779","2016-12-25",1293,"Silver"
"C780","2016-01-18",8828,"Gold"
"C781","2006-08-03",8423,"Gold"
"C782","2005-02-11",1472,"Silver"
"C783","2020-08-14",9400,"Gold"
"C784","2008-02-06",3048,"Gold"
"C785","2013-05-27",7491,"Gold"
"C786","2006-07-19",5265,"Gold"
"C787","2017-09-23",179,"Bronze"
"C788","2016-11-09",1751,"Silver"
"C789","2011-11-28",6892,"Gold"
"C790","2023-08-31",1192,"Silver"
"C791","2012-09-18",121,"Bronze"
"C792","2010-07-24",1640,"Silver"
"C793","2015-01-18",16,"Bronze"
"C794","2010-06-27",9188,"Gold"
"C795","2018-12-05",3778,"Gold"
"C796","2017-01-30",1854,"Silver"
"C797","2007-07-08",8360,"Gold"
"C798","2011-04-11",610,"Bronze"
"C799","2016-02-19",8016,"Gold"
"C800","2007-07-25",4498,"Gold"
"C801","2023-04-06",1426,"Silver"
"C802","2007-04-15",4623,"Gold"
"C803","2005-10-26",2703,"Silver"
"C804","2013-06-08",6770,"Gold"
"C805","2015-08-06",5629,"Gold"
"C806","2014-02-03",9418,"Gold"
"C807","2012-04-05",6234,"Gold"
"C808","2016-10-10",901,"Bronze"
"C809","2015-03-16",6709,"Gold"
"C810","2007-01-21",4743,"Gold"
"C811","2007-06-21",2461,"Silver"
"C812","2023-03-16",3328,"Gold"
"C813","2023-01-24",7878,"Gold"
"C814","2012-02-16",1001,"Silver"
"C815","2007-08-12",2340,"Silver"
"C816","2006-01-17",2836,"Silver"
"C817","2010-03-13",8180,"Gold"
"C818","2011-02-25",516,"Bronze"
"C819","2022-01-28",2272,"Silver"
"C820","2018-08-24",437,"Bronze"
"C821","2018-09-08",2339,"Silver"
"C822","2022-12-09",47,"Bronze"
"C823","2008-03-18",7675,"Gold"
"C824","2022-05-07",3571,"Gold"
"C825","2012-05-31",8067,"Gold"
"C826","2008-07-26",8058,"Gold"
"C827","2020-01-20",7953,"Gold"
"C828","2006-10-01",2830,"Silver"
"C829","2015-01-30",196,"Bronze"
"C830","2009-06-06",3233,"Gold"
"C831","2014-02-20",2400,"Silver"
"C832","2013-07-25",2349,"Silver"
"C833","2011-07-21",957,"Bronze"
"C834","2021-07-31",2146,"Silver"
"C835","2007-08-28",3006,"Gold"
"C836","2018-09-23",8980,"Gold"
"C837","2019-03-04",7736,"Gold"
"C838","2020-11-12",1406,"Silver"
"C839","2011-08-18",8281,"Gold"
"C840","2023-07-26",229,"Bronze"
"C841","2020-11-14",1641,"Silver"
"C842","2015-04-17",5759,"Gold"
"C843","2016-10-05",531,"Bronze"
"C844","2022-12-11",9970,"Gold"
"C845","2008-10-12",7408,"Gold"
"C846","2008-06-03",1994,"Silver"
"C847","2012-06-19",378,"Bronze"
"C848","2014-04-24",6206,"Gold"
"C849","2023-05-31",119,"Bronze"
"C850","2008-02-11",9959,"Gold"
"C851","2005-05-11",480,"Bronze"
"C852","2022-08-28",163,"Bronze"
"C853","2017-06-10",6671,"Gold"
"C854","2024-03-29",291,"Bronze"
"C855","2022-11-18",2116,"Silver"
"C856","2013-06-12",324,"Bronze"
"C857","2010-06-23",162,"Bronze"
"C858","2007-07-09",7365,"Gold"
"C859","2007-04-07",35,"Bronze"
"C860","2008-09-25",184,"Bronze"
"C861","2014-07-01",5474,"Gold"
"C862","2024-08-04",2228,"Silver"
"C863","2019-07-27",311,"Bronze"
"C864","2012-06-29",8459,"Gold"
"C865","2013-08-31",841,"Bronze"
"C866","2016-09-06",4124,"Gold"
"C867","2013-04-18",1539,"Silver"
"C868","2008-07-05",1588,"Silver"
"C869","2019-02-05",1438,"Silver"
"C870","2017-09-17",3030,"Gold"
"C871","2006-07-06",9306,"Gold"
"C872","2022-03-08",603,"Bronze"
"C873","2024-09-24",353,"Bronze"
"C874","2022-05-06",1265,"Silver"
"C875","2014-02-04",439,"Bronze"
"C876","2010-04-24",2219,"Silver"
"C877","2013-11-16",384,"Bronze"
"C878","2019-04-08",9545,"Gold"
"C879","2016-12-10",872,"Bronze"
"C880","2010-07-26",8514,"Gold"
"C881","2022-02-23",2664,"Silver"
"C882","2010-06-19",5692,"Gold"
"C883","2016-01-05",1845,"Silver"
"C884","2013-08-08",982,"Bronze"
"C885","2010-11-13",1161,"Silver"
"C886","2011-11-30",1386,"Silver"
"C887","2012-07-16",160,"Bronze"
"C888","2008-10-12",5416,"Gold"
"C889","2017-01-25",1072,"Silver"
"C890","2023-10-19",2428,"Silver"
"C891","2018-10-25",1309,"Silver"
"C892","2022-03-23",7954,"Gold"
"C893","2010-04-23",8610,"Gold"
"C894","2018-04-11",1803,"Silver"
"C895","2016-12-10",253,"Bronze"
"C896","2005-06-03",1961,"Silver"
"C897","2016-02-25",26,"Bronze"
"C898","2009-07-25",16,"Bronze"
"C899","2016-05-14",9346,"Gold"
"C900","2007-01-24",2441,"Silver"
"C901","2011-10-22",664,"Bronze"
"C902","2007-06-02",3890,"Gold"
"C903","2010-07-20",570,"Bronze"
"C904","2015-08-02",9295,"Gold"
"C905","2018-08-31",6520,"Gold"
"C906","2014-01-03",2329,"Silver"
"C907","2018-12-02",9222,"Gold"
"C908","2010-07-26",794,"Bronze"
"C909","2021-01-26",1735,"Silver"
"C910","2019-06-17",2857,"Silver"
"C911","2014-01-11",3931,"Gold"
"C912","2019-09-10",307,"Bronze"
"C913","2008-03-23",20,"Bronze"
"C914","2012-09-20",2813,"Silver"
"C915","2017-06-03",8740,"Gold"
"C916","2013-09-28",1154,"Silver"
"C917","2018-03-06",9797,"Gold"
"C918","2011-10-11",606,"Bronze"
"C919","2017-11-12",168,"Bronze"
"C920","2023-06-30",589,"Bronze"
"C921","2020-07-01",858,"Bronze"
"C922","2020-07-20",2794,"Silver"
"C923","2019-05-09",689,"Bronze"
"C924","2021-04-29",4101,"Gold"
"C925","2007-08-28",8768,"Gold"
"C926","2022-07-12",5276,"Gold"
"C927","2009-09-03",1863,"Silver"
"C928","2011-02-06",1416,"Silver"
"C929","2016-01-19",3340,"Gold"
"C930","2009-05-27",288,"Bronze"
"C931","2023-10-24",2371,"Silver"
"C932","2017-07-18",510,"Bronze"
"C933","2015-05-12",8178,"Gold"
"C934","2015-11-29",5891,"Gold"
"C935","2021-02-22",2236,"Silver"
"C936","2010-02-25",142,"Bronze"
"C937","2022-05-19",3674,"Gold"
"C938","2012-04-05",6946,"Gold"
"C939","2020-08-17",185,"Bronze"
"C940","2008-09-26",75,"Bronze"
"C941","2007-08-22",244,"Bronze"
"C942","2010-09-26",986,"Bronze"
"C943","2020-08-08",6205,"Gold"
"C944","2021-11-12",869,"Bronze"
"C945","2017-08-15",53,"Bronze"
"C946","2022-05-10",1739,"Silver"
"C947","2015-12-27",5317,"Gold"
"C948","2021-05-29",2279,"Silver"
"C949","2021-08-15",828,"Bronze"
"C950","2008-10-09",2117,"Silver"
"C951","2022-06-08",6486,"Gold"
"C952","2024-06-24",500,"Bronze"
"C953","2007-07-04",2220,"Silver"
"C954","2013-03-28",6253,"Gold"
"C955","2014-07-21",1801,"Silver"
"C956","2017-08-28",772,"Bronze"
"C957","2017-04-23",2949,"Silver"
"C958","2009-03-19",5546,"Gold"
"C959","2008-02-05",333,"Bronze"
"C960","2020-01-14",1740,"Silver"
"C961","2019-08-09",6846,"Gold"
"C962","2024-10-13",726,"Bronze"
"C963","2007-11-02",1298,"Silver"
"C964","2017-04-29",322,"Bronze"
"C965","2007-06-25",8572,"Gold"
"C966","2014-12-06",2523,"Silver"
"C967","2023-02-28",1449,"Silver"
"C968","2008-11-12",2557,"Silver"
"C969","2021-07-19",5375,"Gold"
"C970","2024-01-07",1876,"Silver"
"C971","2020-02-28",8945,"Gold"
"C972","2015-09-24",7467,"Gold"
"C973","2023-09-22",2396,"Silver"
"C974","2005-04-17",5131,"Gold"
"C975","2013-06-29",2916,"Silver"
"C976","2006-07-29",515,"Bronze"
"C977","2014-06-09",577,"Bronze"
"C978","2011-09-13",5933,"Gold"
"C979","2005-10-28",1126,"Silver"
"C980","2015-10-29",677,"Bronze"
"C981","2023-02-18",541,"Bronze"
"C982","2009-05-14",522,"Bronze"
"C983","2020-09-01",530,"Bronze"
"C984","2009-04-01",270,"Bronze"
"C985","2012-02-15",1753,"Silver"
"C986","2022-01-26",2071,"Silver"
"C987","2007-05-13",4087,"Gold"
"C988","2007-05-30",2286,"Silver"
"C989","2023-09-04",5080,"Gold"
"C990","2023-04-11",87,"Bronze"
"C991","2007-10-01",952,"Bronze"
"C992","2009-05-25",4069,"Gold"
"C993","2010-05-07",170,"Bronze"
"C994","2024-10-27",733,"Bronze"
"C995","2005-02-05",575,"Bronze"
"C996","2005-08-31",693,"Bronze"
"C997","2007-02-07",9,"Bronze"
"C998","2023-06-04",446,"Bronze"
"C999","2021-12-01",713,"Bronze"
"C1000","2015-01-11",946,"Bronze"
"C1001","2011-10-11",200,"Bronze"
"C1002","2012-10-29",4825,"Gold"
"C1003","2019-02-15",760,"Bronze"
"C1004","2024-01-19",646,"Bronze"
"C1005","2013-08-18",5669,"Gold"
"C1006","2016-11-20",3903,"Gold"
"C1007","2018-12-29",596,"Bronze"
"C1008","2024-07-12",2648,"Silver"
"C1009","2010-02-11",6905,"Gold"
"C1010","2012-10-16",320,"Bronze"
"C1011","2016-06-17",2731,"Silver"
"C1012","2005-09-24",2788,"Silver"
"C1013","2021-07-30",2611,"Silver"
"C1014","2006-04-16",8123,"Gold"
"C1015","2013-09-02",7889,"Gold"
"C1016","2017-03-04",9105,"Gold"
"C1017","2021-05-20",723,"Bronze"
"C1018","2016-11-09",200,"Bronze"
"C1019","2014-05-18",2557,"Silver"
"C1020","2023-04-19",5743,"Gold"
"C1021","2016-03-10",437,"Bronze"
"C1022","2006-01-21",152,"Bronze"
"C1023","2009-06-21",6545,"Gold"
"C1024","2013-07-08",650,"Bronze"
"C1025","2024-05-09",455,"Bronze"
"C1026","2007-09-19",3814,"Gold"
"C1027","2020-06-20",731,"Bronze"
"C1028","2023-08-01",3053,"Gold"
"C1029","2012-11-17",172,"Bronze"
"C1030","2011-06-30",4892,"Gold"
"C1031","2021-02-26",978,"Bronze"
"C1032","2006-09-14",2100,"Silver"
"C1033","2014-10-31",523,"Bronze"
"C1034","2005-02-04",1229,"Silver"
"C1035","2023-10-28",2791,"Silver"
"C1036","2009-08-22",2420,"Silver"
"C1037","2015-10-04",7481,"Gold"
"C1038","2009-05-22",491,"Bronze"
"C1039","2009-12-10",2320,"Silver"
"C1040","2005-06-29",7399,"Gold"
"C1041","2014-01-12",278,"Bronze"
"C1042","2007-08-21",4706,"Gold"
"C1043","2014-03-22",8,"Bronze"
"C1044","2022-02-05",1861,"Silver"
"C1045","2005-03-25",9610,"Gold"
"C1046","2014-05-28",2987,"Silver"
"C1047","2023-11-26",322,"Bronze"
"C1048","2018-01-11",658,"Bronze"
"C1049","2020-08-11",9077,"Gold"
"C1050","2006-01-01",7834,"Gold"
"C1051","2018-06-15",37,"Bronze"
"C1052","2021-02-27",2480,"Silver"
"C1053","2018-05-04",5157,"Gold"
"C1054","2014-10-06",101,"Bronze"
"C1055","2024-10-18",1467,"Silver"
"C1056","2008-07-03",5906,"Gold"
"C1057","2008-10-25",7337,"Gold"
"C1058","2005-05-18",9097,"Gold"
"C1059","2020-09-17",679,"Bronze"
"C1060","2011-09-11",567,"Bronze"
"C1061","2023-11-16",217,"Bronze"
"C1062","2023-11-25",2078,"Silver"
"C1063","2020-07-05",7026,"Gold"
"C1064","2009-02-15",2073,"Silver"
"C1065","2017-06-05",1697,"Silver"
"C1066","2016-09-18",196,"Bronze"
"C1067","2019-07-31",5166,"Gold"
"C1068","2022-03-07",652,"Bronze"
"C1069","2006-02-12",3053,"Gold"
"C1070","2005-12-27",1813,"Silver"
"C1071","2021-12-12",2284,"Silver"
"C1072","2006-08-17",3777,"Gold"
"C1073","2017-10-17",6774,"Gold"
"C1074","2020-04-15",1512,"Silver"
"C1075","2019-08-24",272,"Bronze"
"C1076","2019-01-13",535,"Bronze"
"C1077","2022-04-03",2031,"Silver"
"C1078","2005-05-30",2003,"Silver"
"C1079","2021-06-30",2134,"Silver"
"C1080","2016-03-30",7193,"Gold"
"C1081","2013-06-14",1450,"Silver"
"C1082","2017-07-15",6930,"Gold"
"C1083","2015-03-02",2566,"Silver"
"C1084","2008-05-21",2184,"Silver"
"C1085","2017-07-25",421,"Bronze"
"C1086","2016-12-12",58,"Bronze"
"C1087","2015-11-02",2674,"Silver"
"C1088","2017-02-25",3663,"Gold"
"C1089","2011-06-01",879,"Bronze"
"C1090","2019-04-27",327,"Bronze"
"C1091","2017-12-26",8552,"Gold"
"C1092","2020-08-20",2839,"Silver"
"C1093","2005-03-14",9818,"Gold"
"C1094","2016-07-29",9385,"Gold"
"C1095","2016-04-18",1661,"Silver"
"C1096","2005-05-25",835,"Bronze"
"C1097","2022-05-12",634,"Bronze"
"C1098","2016-03-07",6101,"Gold"
"C1099","2005-12-29",528,"Bronze"
"C1100","2006-10-12",188,"Bronze"
"C1101","2014-02-05",33,"Bronze"
"C1102","2021-12-18",3978,"Gold"
"C1103","2012-02-19",278,"Bronze"
"C1104","2023-07-09",523,"Bronze"
"C1105","2010-06-26",746,"Bronze"
"C1106","2022-02-25",2498,"Silver"
"C1107","2015-01-22",1501,"Silver"
"C1108","2022-12-13",424,"Bronze"
"C1109","2012-08-05",3784,"Gold"
"C1110","2023-12-30",257,"Bronze"
"C1111","2012-07-08",225,"Bronze"
"C1112","2018-01-10",662,"Bronze"
"C1113","2011-04-22",3021,"Gold"
"C1114","2018-07-30",32,"Bronze"
"C1115","2024-07-19",5234,"Gold"
"C1116","2010-11-10",4600,"Gold"
"C1117","2007-07-28",1064,"Silver"
"C1118","2006-10-02",3955,"Gold"
"C1119","2005-10-06",4621,"Gold"
"C1120","2021-07-08",206,"Bronze"
"C1121","2020-04-11",711,"Bronze"
"C1122","2005-04-18",7198,"Gold"
"C1123","2008-11-16",296,"Bronze"
"C1124","2019-04-18",92,"Bronze"
"C1125","2024-02-13",205,"Bronze"
"C1126","2005-10-22",4735,"Gold"
"C1127","2020-04-15",4585,"Gold"
"C1128","2010-08-26",9366,"Gold"
"C1129","2023-06-10",1689,"Silver"
"C1130","2016-09-12",2477,"Silver"
"C1131","2017-01-26",7216,"Gold"
"C1132","2023-10-21",1713,"Silver"
"C1133","2005-01-22",1396,"Silver"
"C1134","2024-08-13",278,"Bronze"
"C1135","2013-11-28",4312,"Gold"
"C1136","2008-01-05",2763,"Silver"
"C1137","2010-04-12",2599,"Silver"
"C1138","2006-10-06",5048,"Gold"
"C1139","2017-05-23",570,"Bronze"
"C1140","2016-07-11",5023,"Gold"
"C1141","2019-06-30",2210,"Silver"
"C1142","2005-12-27",965,"Bronze"
"C1143","2015-06-04",1962,"Silver"
"C1144","2022-02-02",1582,"Silver"
"C1145","2018-03-26",6364,"Gold"
"C1146","2021-03-01",236,"Bronze"
"C1147","2023-08-27",464,"Bronze"
"C1148","2024-01-05",1560,"Silver"
"C1149","2006-04-25",5042,"Gold"
"C1150","2007-03-26",2884,"Silver"
"C1151","2024-04-17",3847,"Gold"
"C1152","2010-03-24",1497,"Silver"
"C1153","2024-10-05",788,"Bronze"
"C1154","2010-06-22",439,"Bronze"
"C1155","2014-05-29",721,"Bronze"
"C1156","2017-08-29",500,"Bronze"
"C1157","2012-05-23",2216,"Silver"
"C1158","2010-01-16",786,"Bronze"
"C1159","2014-11-22",1672,"Silver"
"C1160","2022-09-18",7551,"Gold"
"C1161","2020-01-17",9671,"Gold"
"C1162","2019-05-20",1587,"Silver"
"C1163","2023-01-28",890,"Bronze"
"C1164","2023-11-30",7643,"Gold"
"C1165","2012-10-21",999,"Bronze"
"C1166","2022-09-17",7926,"Gold"
"C1167","2014-08-29",137,"Bronze"
"C1168","2016-08-29",2356,"Silver"
"C1169","2011-06-03",3427,"Gold"
"C1170","2009-07-05",3682,"Gold"
"C1171","2021-10-27",941,"Bronze"
"C1172","2023-03-20",3236,"Gold"
"C1173","2020-06-11",8695,"Gold"
"C1174","2021-01-11",6298,"Gold"
"C1175","2020-09-13",2923,"Silver"
"C1176","2010-09-06",582,"Bronze"
"C1177","2008-10-21",2061,"Silver"
"C1178","2016-03-09",1179,"Silver"
"C1179","2018-07-22",9883,"Gold"
"C1180","2017-10-25",8566,"Gold"
"C1181","2012-01-20",1326,"Silver"
"C1182","2016-02-22",5840,"Gold"
"C1183","2008-05-02",8780,"Gold"
"C1184","2023-10-27",918,"Bronze"
"C1185","2009-05-11",871,"Bronze"
"C1186","2023-01-27",1536,"Silver"
"C1187","2013-03-09",9440,"Gold"
"C1188","2010-04-02",1658,"Silver"
"C1189","2012-04-08",9001,"Gold"
"C1190","2020-10-11",241,"Bronze"
"C1191","2020-01-23",3653,"Gold"
"C1192","2014-02-22",855,"Bronze"
"C1193","2024-05-31",5647,"Gold"
"C1194","2024-10-06",5062,"Gold"
"C1195","2020-12-28",814,"Bronze"
"C1196","2015-08-25",4562,"Gold"
"C1197","2019-04-08",9836,"Gold"
"C1198","2016-09-23",5186,"Gold"
"C1199","2010-01-08",7452,"Gold"
"C1200","2020-07-01",2643,"Silver"
"C1201","2022-06-11",900,"Bronze"
"C1202","2009-12-30",2731,"Silver"
"C1203","2021-08-23",8249,"Gold"
"C1204","2014-07-05",1706,"Silver"
"C1205","2006-04-02",227,"Bronze"
"C1206","2013-01-25",2715,"Silver"
"C1207","2015-04-13",8228,"Gold"
"C1208","2009-04-02",215,"Bronze"
"C1209","2020-03-30",174,"Bronze"
"C1210","2008-09-07",9880,"Gold"
"C1211","2022-01-31",4364,"Gold"
"C1212","2006-01-30",1434,"Silver"
"C1213","2012-11-14",241,"Bronze"
"C1214","2022-04-02",734,"Bronze"
"C1215","2017-02-14",477,"Bronze"
"C1216","2020-01-20",2104,"Silver"
"C1217","2005-05-02",4979,"Gold"
"C1218","2008-11-29",2712,"Silver"
"C1219","2016-02-17",1514,"Silver"
"C1220","2005-07-29",2459,"Silver"
"C1221","2020-10-31",7098,"Gold"
"C1222","2021-02-27",6410,"Gold"
"C1223","2015-06-09",5723,"Gold"
"C1224","2005-02-05",578,"Bronze"
"C1225","2014-05-07",183,"Bronze"
"C1226","2024-03-09",1470,"Silver"
"C1227","2019-07-23",1717,"Silver"
"C1228","2019-04-06",8293,"Gold"
"C1229","2013-06-29",2731,"Silver"
"C1230","2018-06-07",2650,"Silver"
"C1231","2009-05-05",2140,"Silver"
"C1232","2007-02-02",5552,"Gold"
"C1233","2007-11-26",263,"Bronze"
"C1234","2024-03-02",1649,"Silver"
"C1235","2005-09-02",983,"Bronze"
"C1236","2017-01-29",7377,"Gold"
"C1237","2011-06-30",2985,"Silver"
"C1238","2023-07-03",1039,"Silver"
"C1239","2007-03-11",6388,"Gold"
"C1240","2019-03-21",2473,"Silver"
"C1241","2014-07-03",99,"Bronze"
"C1242","2013-08-06",715,"Bronze"
"C1243","2011-10-09",6974,"Gold"
"C1244","2005-08-30",142,"Bronze"
"C1245","2015-04-06",996,"Bronze"
"C1246","2013-05-13",614,"Bronze"
"C1247","2018-09-07",2825,"Silver"
"C1248","2015-12-17",2595,"Silver"
"C1249","2022-02-16",669,"Bronze"
"C1250","2017-04-11",4389,"Gold"
"C1251","2012-01-10",7601,"Gold"
"C1252","2007-09-17",2250,"Silver"
"C1253","2015-03-03",3447,"Gold"
"C1254","2014-03-27",1361,"Silver"
"C1255","2007-03-28",477,"Bronze"
"C1256","2018-01-05",310,"Bronze"
"C1257","2011-08-21",2638,"Silver"
"C1258","2018-06-28",5181,"Gold"
"C1259","2018-08-31",0,"Bronze"
"C1260","2021-02-03",2427,"Silver"
"C1261","2018-06-21",2162,"Silver"
"C1262","2010-02-28",3123,"Gold"
"C1263","2022-07-30",2777,"Silver"
"C1264","2013-12-17",4756,"Gold"
"C1265","2005-09-02",1053,"Silver"
"C1266","2022-09-13",627,"Bronze"
"C1267","2009-11-17",2780,"Silver"
"C1268","2010-01-14",2779,"Silver"
"C1269","2006-06-13",3327,"Gold"
"C1270","2023-07-09",2239,"Silver"
"C1271","2006-09-28",924,"Bronze"
"C1272","2020-11-03",1493,"Silver"
"C1273","2019-08-29",309,"Bronze"
"C1274","2020-05-15",160,"Bronze"
"C1275","2016-10-01",2196,"Silver"
"C1276","2008-02-29",8258,"Gold"
"C1277","2014-04-11",5296,"Gold"
"C1278","2023-01-05",8669,"Gold"
"C1279","2022-11-29",407,"Bronze"
"C1280","2024-07-16",6228,"Gold"
"C1281","2019-10-23",2273,"Silver"
"C1282","2024-09-30",6430,"Gold"
"C1283","2019-09-29",1467,"Silver"
"C1284","2019-04-16",5633,"Gold"
"C1285","2012-04-22",2967,"Silver"
"C1286","2022-07-15",858,"Bronze"
"C1287","2012-10-02",909,"Bronze"
"C1288","2013-11-13",1378,"Silver"
"C1289","2009-04-04",8728,"Gold"
"C1290","2022-01-11",4529,"Gold"
"C1291","2019-03-11",90,"Bronze"
"C1292","2023-11-04",2562,"Silver"
"C1293","2017-01-27",362,"Bronze"
"C1294","2009-05-19",775,"Bronze"
"C1295","2014-10-08",1134,"Silver"
"C1296","2024-05-02",5568,"Gold"
"C1297","2011-12-29",2657,"Silver"
"C1298","2014-01-07",3255,"Gold"
"C1299","2023-07-24",1128,"Silver"
"C1300","2009-03-08",1706,"Silver"
"C1301","2007-06-14",320,"Bronze"
"C1302","2019-03-09",2696,"Silver"
"C1303","2011-08-16",8386,"Gold"
"C1304","2015-04-04",1380,"Silver"
"C1305","2012-01-19",558,"Bronze"
"C1306","2012-09-30",1710,"Silver"
"C1307","2005-08-14",4054,"Gold"
"C1308","2009-05-30",343,"Bronze"
"C1309","2018-11-25",367,"Bronze"
"C1310","2022-04-21",7154,"Gold"
"C1311","2009-09-09",2775,"Silver"
"C1312","2011-11-10",852,"Bronze"
"C1313","2018-07-02",192,"Bronze"
"C1314","2007-04-05",2883,"Silver"
"C1315","2008-10-10",1525,"Silver"
"C1316","2023-05-31",4538,"Gold"
"C1317","2010-04-19",2548,"Silver"
"C1318","2016-06-09",6265,"Gold"
"C1319","2013-11-01",2520,"Silver"
"C1320","2013-06-12",5202,"Gold"
"C1321","2023-02-27",5088,"Gold"
"C1322","2015-03-23",5294,"Gold"
"C1323","2021-05-14",1419,"Silver"
"C1324","2024-10-03",248,"Bronze"
"C1325","2011-02-06",1262,"Silver"
"C1326","2015-06-11",6716,"Gold"
"C1327","2009-09-10",2284,"Silver"
"C1328","2019-04-12",3486,"Gold"
"C1329","2020-02-08",391,"Bronze"
"C1330","2008-07-07",6011,"Gold"
"C1331","2009-02-09",1093,"Silver"
"C1332","2010-03-27",5235,"Gold"
"C1333","2021-03-26",777,"Bronze"
"C1334","2022-07-08",2970,"Silver"
"C1335","2024-07-05",6007,"Gold"
"C1336","2015-03-26",1694,"Silver"
"C1337","2020-05-30",2001,"Silver"
"C1338","2016-03-26",59,"Bronze"
"C1339","2023-10-05",1620,"Silver"
"C1340","2011-04-27",343,"Bronze"
"C1341","2008-01-18",316,"Bronze"
"C1342","2024-03-13",1252,"Silver"
"C1343","2008-02-25",4409,"Gold"
"C1344","2011-03-02",4307,"Gold"
"C1345","2010-03-12",136,"Bronze"
"C1346","2010-06-06",7034,"Gold"
"C1347","2011-01-29",1565,"Silver"
"C1348","2005-10-05",251,"Bronze"
"C1349","2016-02-29",845,"Bronze"
"C1350","2014-05-31",2965,"Silver"
"C1351","2013-11-21",1199,"Silver"
"C1352","2012-05-18",708,"Bronze"
"C1353","2008-01-28",2845,"Silver"
"C1354","2015-04-23",8352,"Gold"
"C1355","2014-08-12",356,"Bronze"
"C1356","2015-07-08",963,"Bronze"
"C1357","2015-09-21",2741,"Silver"
"C1358","2008-04-13",477,"Bronze"
"C1359","2011-10-22",1870,"Silver"
"C1360","2009-01-13",2805,"Silver"
"C1361","2018-12-01",2717,"Silver"
"C1362","2021-05-12",1072,"Silver"
"C1363","2018-12-07",734,"Bronze"
"C1364","2009-10-15",9473,"Gold"
"C1365","2024-07-01",686,"Bronze"
"C1366","2009-07-16",589,"Bronze"
"C1367","2007-10-31",7975,"Gold"
"C1368","2008-08-22",2035,"Silver"
"C1369","2005-09-19",486,"Bronze"
"C1370","2007-10-09",8673,"Gold"
"C1371","2005-12-21",2421,"Silver"
"C1372","2005-02-08",2738,"Silver"
"C1373","2016-12-16",9555,"Gold"
"C1374","2005-05-22",9280,"Gold"
"C1375","2018-02-06",2484,"Silver"
"C1376","2019-01-10",3845,"Gold"
"C1377","2006-10-13",6068,"Gold"
"C1378","2007-06-17",2060,"Silver"
"C1379","2010-09-11",494,"Bronze"
"C1380","2007-09-23",597,"Bronze"
"C1381","2023-01-29",5,"Bronze"
"C1382","2011-07-28",2190,"Silver"
"C1383","2023-05-11",8393,"Gold"
"C1384","2007-07-28",6995,"Gold"
"C1385","2012-08-10",782,"Bronze"
"C1386","2005-02-10",600,"Bronze"
"C1387","2023-03-19",6473,"Gold"
"C1388","2005-11-22",7263,"Gold"
"C1389","2007-08-13",1122,"Silver"
"C1390","2008-04-21",3869,"Gold"
"C1391","2018-06-19",2094,"Silver"
"C1392","2011-05-09",2741,"Silver"
"C1393","2019-11-21",2667,"Silver"
"C1394","2016-05-31",3979,"Gold"
"C1395","2014-10-12",811,"Bronze"
"C1396","2022-08-16",6620,"Gold"
"C1397","2019-08-24",1078,"Silver"
"C1398","2017-01-26",6249,"Gold"
"C1399","2012-11-24",555,"Bronze"
"C1400","2015-07-27",604,"Bronze"
"C1401","2015-08-04",1622,"Silver"
"C1402","2014-04-21",3333,"Gold"
"C1403","2012-03-01",346,"Bronze"
"C1404","2021-08-24",883,"Bronze"
"C1405","2009-01-03",1,"Bronze"
"C1406","2006-04-04",5890,"Gold"
"C1407","2020-05-27",803,"Bronze"
"C1408","2024-03-15",508,"Bronze"
"C1409","2018-02-13",1159,"Silver"
"C1410","2008-06-17",4159,"Gold"
"C1411","2007-05-30",4670,"Gold"
"C1412","2023-12-16",7518,"Gold"
"C1413","2018-10-25",2145,"Silver"
"C1414","2015-07-19",4470,"Gold"
"C1415","2009-03-15",437,"Bronze"
"C1416","2012-07-05",4744,"Gold"
"C1417","2006-12-03",290,"Bronze"
"C1418","2011-01-26",2916,"Silver"
"C1419","2020-01-04",1931,"Silver"
"C1420","2009-06-22",1839,"Silver"
"C1421","2007-09-06",682,"Bronze"
"C1422","2019-01-14",1156,"Silver"
"C1423","2016-04-05",2096,"Silver"
"C1424","2011-03-12",115,"Bronze"
"C1425","2017-06-10",2859,"Silver"
"C1426","2008-08-26",581,"Bronze"
"C1427","2012-11-14",219,"Bronze"
"C1428","2011-10-10",9174,"Gold"
"C1429","2022-01-24",7329,"Gold"
"C1430","2020-12-23",2926,"Silver"
"C1431","2022-04-04",7585,"Gold"
"C1432","2021-01-17",839,"Bronze"
"C1433","2010-08-06",999,"Bronze"
"C1434","2018-01-10",1176,"Silver"
"C1435","2020-11-13",971,"Bronze"
"C1436","2016-11-22",5292,"Gold"
"C1437","2019-09-28",5216,"Gold"
"C1438","2005-09-27",541,"Bronze"
"C1439","2007-09-08",810,"Bronze"
"C1440","2020-12-29",4536,"Gold"
"C1441","2019-05-20",2651,"Silver"
"C1442","2010-08-12",2416,"Silver"
"C1443","2005-05-22",1390,"Silver"
"C1444","2016-03-28",2845,"Silver"
"C1445","2021-02-01",473,"Bronze"
"C1446","2019-11-21",530,"Bronze"
"C1447","2021-01-29",752,"Bronze"
"C1448","2021-02-05",2562,"Silver"
"C1449","2014-03-15",671,"Bronze"
"C1450","2008-09-12",5103,"Gold"
"C1451","2017-09-20",534,"Bronze"
"C1452","2016-05-08",2313,"Silver"
"C1453","2011-12-15",6373,"Gold"
"C1454","2023-10-06",145,"Bronze"
"C1455","2016-08-24",163,"Bronze"
"C1456","2012-05-09",2776,"Silver"
"C1457","2005-04-21",8063,"Gold"
"C1458","2022-04-04",706,"Bronze"
"C1459","2019-07-22",1007,"Silver"
"C1460","2021-06-15",883,"Bronze"
"C1461","2007-02-10",8398,"Gold"
"C1462","2006-07-17",6159,"Gold"
"C1463","2020-01-03",324,"Bronze"
"C1464","2019-11-06",8597,"Gold"
"C1465","2018-11-20",8829,"Gold"
"C1466","2010-07-10",1879,"Silver"
"C1467","2006-05-25",616,"Bronze"
"C1468","2005-02-08",8661,"Gold"
"C1469","2017-09-28",1993,"Silver"
"C1470","2022-06-14",815,"Bronze"
"C1471","2010-09-07",534,"Bronze"
"C1472","2016-05-01",684,"Bronze"
"C1473","2013-05-07",2119,"Silver"
"C1474","2017-06-30",2000,"Silver"
"C1475","2006-08-13",6999,"Gold"
"C1476","2015-06-16",8391,"Gold"
"C1477","2007-03-31",1176,"Silver"
"C1478","2022-06-03",2005,"Silver"
"C1479","2020-07-19",525,"Bronze"
"C1480","2008-04-25",988,"Bronze"
"C1481","2013-04-11",1673,"Silver"
"C1482","2005-05-24",9783,"Gold"
"C1483","2023-10-04",2880,"Silver"
"C1484","2020-11-09",5894,"Gold"
"C1485","2018-12-27",340,"Bronze"
"C1486","2015-04-23",1199,"Silver"
"C1487","2022-09-21",2591,"Silver"
"C1488","2015-04-14",396,"Bronze"
"C1489","2006-09-20",9660,"Gold"
"C1490","2014-03-12",3548,"Gold"
"C1491","2007-10-31",9288,"Gold"
"C1492","2010-07-17",3140,"Gold"
"C1493","2016-11-12",1074,"Silver"
"C1494","2014-08-27",1451,"Silver"
"C1495","2015-07-18",781,"Bronze"
"C1496","2006-07-12",6159,"Gold"
"C1497","2015-08-04",479,"Bronze"
"C1498","2020-03-01",941,"Bronze"
"C1499","2024-08-01",2186,"Silver"
"C1500","2018-08-04",378,"Bronze"
"C1501","2007-10-30",7689,"Gold"
"C1502","2008-05-27",965,"Bronze"
"C1503","2011-02-25",4944,"Gold"
"C1504","2022-01-08",493,"Bronze"
"C1505","2018-09-20",1970,"Silver"
"C1506","2021-10-23",290,"Bronze"
"C1507","2010-07-09",1964,"Silver"
"C1508","2009-04-16",6349,"Gold"
"C1509","2013-05-03",1969,"Silver"
"C1510","2024-09-17",6475,"Gold"
"C1511","2011-02-20",88,"Bronze"
"C1512","2017-08-16",6383,"Gold"
"C1513","2016-08-23",463,"Bronze"
"C1514","2007-08-17",5307,"Gold"
"C1515","2007-01-21",4706,"Gold"
"C1516","2017-05-06",869,"Bronze"
"C1517","2005-05-23",1742,"Silver"
"C1518","2007-09-04",1525,"Silver"
"C1519","2022-09-28",1630,"Silver"
"C1520","2009-01-28",6584,"Gold"
"C1521","2005-05-22",2437,"Silver"
"C1522","2017-11-14",2395,"Silver"
"C1523","2023-07-03",3387,"Gold"
"C1524","2011-03-11",2799,"Silver"
"C1525","2012-05-20",1845,"Silver"
"C1526","2023-01-24",1288,"Silver"
"C1527","2018-04-10",684,"Bronze"
"C1528","2021-08-23",6988,"Gold"
"C1529","2011-07-04",697,"Bronze"
"C1530","2007-01-31",2796,"Silver"
"C1531","2013-10-23",667,"Bronze"
"C1532","2014-05-24",9783,"Gold"
"C1533","2012-11-01",635,"Bronze"
"C1534","2007-09-16",924,"Bronze"
"C1535","2005-03-15",2561,"Silver"
"C1536","2018-10-23",2484,"Silver"
"C1537","2013-09-13",329,"Bronze"
"C1538","2015-04-02",5110,"Gold"
"C1539","2006-01-25",574,"Bronze"
"C1540","2010-02-19",1075,"Silver"
"C1541","2007-02-20",2902,"Silver"
"C1542","2015-10-26",330,"Bronze"
"C1543","2007-09-27",307,"Bronze"
"C1544","2011-04-13",3829,"Gold"
"C1545","2012-02-26",26,"Bronze"
"C1546","2020-04-06",1461,"Silver"
"C1547","2018-08-16",256,"Bronze"
"C1548","2012-09-12",1551,"Silver"
"C1549","2007-02-06",8560,"Gold"
"C1550","2020-08-14",3582,"Gold"
"C1551","2020-02-27",8014,"Gold"
"C1552","2011-07-06",664,"Bronze"
"C1553","2014-05-23",146,"Bronze"
"C1554","2005-10-05",3851,"Gold"
"C1555","2022-09-06",6011,"Gold"
"C1556","2024-08-12",1974,"Silver"
"C1557","2020-11-10",2882,"Silver"
"C1558","2014-01-19",731,"Bronze"
"C1559","2011-09-07",2685,"Silver"
"C1560","2020-03-28",989,"Bronze"
"C1561","2012-01-06",8838,"Gold"
"C1562","2005-12-24",2593,"Silver"
"C1563","2017-11-13",1162,"Silver"
"C1564","2010-09-20",7576,"Gold"
"C1565","2019-03-09",691,"Bronze"
"C1566","2012-11-01",2970,"Silver"
"C1567","2020-08-06",5157,"Gold"
"C1568","2020-05-22",5937,"Gold"
"C1569","2007-05-24",6337,"Gold"
"C1570","2018-12-30",2767,"Silver"
"C1571","2024-06-09",6763,"Gold"
"C1572","2008-05-15",2329,"Silver"
"C1573","2020-07-09",807,"Bronze"
"C1574","2018-08-15",6844,"Gold"
"C1575","2017-08-13",1416,"Silver"
"C1576","2005-04-23",756,"Bronze"
"C1577","2008-07-25",868,"Bronze"
"C1578","2013-11-23",429,"Bronze"
"C1579","2017-11-05",494,"Bronze"
"C1580","2013-12-15",4896,"Gold"
"C1581","2014-09-15",2893,"Silver"
"C1582","2007-10-12",6438,"Gold"
"C1583","2005-09-20",73,"Bronze"
"C1584","2023-12-19",6290,"Gold"
"C1585","2012-04-06",6478,"Gold"
"C1586","2021-01-07",9564,"Gold"
"C1587","2023-08-07",130,"Bronze"
"C1588","2019-04-04",514,"Bronze"
"C1589","2016-07-06",1313,"Silver"
"C1590","2023-08-11",9373,"Gold"
"C1591","2022-04-18",3792,"Gold"
"C1592","2012-04-16",7020,"Gold"
"C1593","2013-11-23",4243,"Gold"
"C1594","2015-09-08",7514,"Gold"
"C1595","2006-05-15",1501,"Silver"
"C1596","2009-06-10",804,"Bronze"
"C1597","2023-02-06",2505,"Silver"
"C1598","2012-09-04",329,"Bronze"
"C1599","2023-06-29",4258,"Gold"
"C1600","2014-04-08",8462,"Gold"
"C1601","2020-02-27",655,"Bronze"
"C1602","2010-08-04",788,"Bronze"
"C1603","2014-05-25",1664,"Silver"
"C1604","2016-11-25",5364,"Gold"
"C1605","2005-04-29",8021,"Gold"
"C1606","2016-11-02",7485,"Gold"
"C1607","2018-08-12",2600,"Silver"
"C1608","2009-06-22",5190,"Gold"
"C1609","2017-07-30",6723,"Gold"
"C1610","2021-09-17",2241,"Silver"
"C1611","2019-03-09",3923,"Gold"
"C1612","2012-06-17",256,"Bronze"
"C1613","2008-10-22",2811,"Silver"
"C1614","2018-08-19",1836,"Silver"
"C1615","2021-06-29",2734,"Silver"
"C1616","2018-05-04",467,"Bronze"
"C1617","2016-05-10",1543,"Silver"
"C1618","2019-03-29",84,"Bronze"
"C1619","2024-01-29",14,"Bronze"
"C1620","2023-05-11",5335,"Gold"
"C1621","2009-01-22",7806,"Gold"
"C1622","2019-02-10",1111,"Silver"
"C1623","2018-08-22",2768,"Silver"
"C1624","2007-03-13",2741,"Silver"
"C1625","2007-01-01",1201,"Silver"
"C1626","2019-05-20",8081,"Gold"
"C1627","2015-01-10",3060,"Gold"
"C1628","2021-08-02",2739,"Silver"
"C1629","2005-05-07",9972,"Gold"
"C1630","2016-04-20",2139,"Silver"
"C1631","2005-06-19",9348,"Gold"
"C1632","2019-03-08",2826,"Silver"
"C1633","2014-02-16",2554,"Silver"
"C1634","2017-06-04",3887,"Gold"
"C1635","2009-11-03",431,"Bronze"
"C1636","2005-07-04",3830,"Gold"
"C1637","2006-10-28",8380,"Gold"
"C1638","2015-12-18",118,"Bronze"
"C1639","2022-04-23",1601,"Silver"
"C1640","2010-06-04",3852,"Gold"
"C1641","2024-01-08",1329,"Silver"
"C1642","2005-10-23",7486,"Gold"
"C1643","2021-01-27",707,"Bronze"
"C1644","2019-02-11",2480,"Silver"
"C1645","2017-05-24",5767,"Gold"
"C1646","2024-05-13",0,"Bronze"
"C1647","2007-05-17",2219,"Silver"
"C1648","2023-11-25",234,"Bronze"
"C1649","2013-11-20",5878,"Gold"
"C1650","2024-06-11",2028,"Silver"
"C1651","2015-09-11",2496,"Silver"
"C1652","2011-05-10",1849,"Silver"
"C1653","2020-11-08",8258,"Gold"
"C1654","2006-03-07",1912,"Silver"
"C1655","2016-09-03",435,"Bronze"
"C1656","2020-05-19",2516,"Silver"
"C1657","2011-05-02",3640,"Gold"
"C1658","2009-01-27",5378,"Gold"
"C1659","2018-10-23",618,"Bronze"
"C1660","2022-03-23",824,"Bronze"
"C1661","2020-05-25",5659,"Gold"
"C1662","2010-08-13",692,"Bronze"
"C1663","2021-08-12",823,"Bronze"
"C1664","2019-03-13",1372,"Silver"
"C1665","2021-02-23",4187,"Gold"
"C1666","2006-04-18",4958,"Gold"
"C1667","2006-10-27",5541,"Gold"
"C1668","2023-06-21",1198,"Silver"
"C1669","2007-02-15",5138,"Gold"
"C1670","2006-06-14",523,"Bronze"
"C1671","2014-10-18",6516,"Gold"
"C1672","2018-03-02",1298,"Silver"
"C1673","2011-01-08",2003,"Silver"
"C1674","2014-12-04",2629,"Silver"
"C1675","2013-02-21",730,"Bronze"
"C1676","2021-08-08",165,"Bronze"
"C1677","2018-12-06",1278,"Silver"
"C1678","2020-09-12",218,"Bronze"
"C1679","2018-10-10",1523,"Silver"
"C1680","2009-08-28",2058,"Silver"
"C1681","2007-03-02",8772,"Gold"
"C1682","2018-10-02",1438,"Silver"
"C1683","2009-04-27",2216,"Silver"
"C1684","2017-04-24",2093,"Silver"
"C1685","2014-11-14",943,"Bronze"
"C1686","2019-06-15",2278,"Silver"
"C1687","2005-12-15",738,"Bronze"
"C1688","2012-10-19",8963,"Gold"
"C1689","2016-07-21",1895,"Silver"
"C1690","2019-02-14",62,"Bronze"
"C1691","2024-08-11",3944,"Gold"
"C1692","2024-10-16",8135,"Gold"
"C1693","2010-12-22",25,"Bronze"
"C1694","2022-05-14",8949,"Gold"
"C1695","2006-03-21",4671,"Gold"
"C1696","2015-02-19",3,"Bronze"
"C1697","2014-04-06",7601,"Gold"
"C1698","2009-03-31",2205,"Silver"
"C1699","2023-08-28",493,"Bronze"
"C1700","2005-05-29",3715,"Gold"
"C1701","2024-11-13",4912,"Gold"
"C1702","2013-01-28",2422,"Silver"
"C1703","2007-01-18",331,"Bronze"
"C1704","2005-09-22",9182,"Gold"
"C1705","2020-03-11",3251,"Gold"
"C1706","2023-11-18",128,"Bronze"
"C1707","2007-05-15",7007,"Gold"
"C1708","2014-07-06",3622,"Gold"
"C1709","2005-05-09",1461,"Silver"
"C1710","2012-12-29",2469,"Silver"
"C1711","2011-11-20",129,"Bronze"
"C1712","2019-08-23",1600,"Silver"
"C1713","2024-02-15",803,"Bronze"
"C1714","2022-05-01",6265,"Gold"
"C1715","2024-07-02",2338,"Silver"
"C1716","2010-08-10",9346,"Gold"
"C1717","2020-01-05",9779,"Gold"
"C1718","2022-04-04",936,"Bronze"
"C1719","2009-07-17",2188,"Silver"
"C1720","2024-07-17",4,"Bronze"
"C1721","2014-04-05",345,"Bronze"
"C1722","2006-10-31",2238,"Silver"
"C1723","2021-04-19",1693,"Silver"
"C1724","2022-02-20",8049,"Gold"
"C1725","2021-09-27",8477,"Gold"
"C1726","2012-10-24",1083,"Silver"
"C1727","2014-07-23",8712,"Gold"
"C1728","2012-10-18",1308,"Silver"
"C1729","2009-01-19",2754,"Silver"
"C1730","2015-07-02",942,"Bronze"
"C1731","2024-09-15",2163,"Silver"
"C1732","2014-01-10",6835,"Gold"
"C1733","2020-12-23",6854,"Gold"
"C1734","2020-06-24",8516,"Gold"
"C1735","2019-10-30",937,"Bronze"
"C1736","2008-07-29",4,"Bronze"
"C1737","2024-02-22",3406,"Gold"
"C1738","2017-06-12",250,"Bronze"
"C1739","2014-01-26",4689,"Gold"
"C1740","2006-01-09",791,"Bronze"
"C1741","2014-06-21",368,"Bronze"
"C1742","2012-06-17",5101,"Gold"
"C1743","2009-03-04",8779,"Gold"
"C1744","2022-01-24",1761,"Silver"
"C1745","2008-02-28",6566,"Gold"
"C1746","2019-11-27",6837,"Gold"
"C1747","2015-11-11",7128,"Gold"
"C1748","2015-05-30",337,"Bronze"
"C1749","2008-12-11",174,"Bronze"
"C1750","2013-09-09",487,"Bronze"
"C1751","2017-05-20",6157,"Gold"
"C1752","2006-07-05",9293,"Gold"
"C1753","2012-02-15",145,"Bronze"
